{"cameraMode":{"drawMode":0,"name":"Shaded","section":"Shading Mode"},"sceneLighting":true,"audioPlay":false,"sceneViewState":{"m_AlwaysRefresh":false,"showFog":true,"showSkybox":true,"showFlares":true,"showImageEffects":true,"showParticleSystems":true,"showVisualEffectGraphs":true,"m_FxEnabled":true},"in2DMode":false,"pivot":{"x":7.3391547203063969,"y":1.0999997854232789,"z":-2.1529464721679689},"rotation":{"x":-0.22332389652729035,"y":-0.027192402631044389,"z":0.006234544795006514,"w":-0.9743546843528748},"size":6.4879469871521,"orthographic":false}